STX address,BTC address,actual wins,total wins,total mined,%actual wins,%won,paid satoshis,theoritical win%,avg paid,last paid,rewards,matured rewards
SP136M14ZZX54A3R7AABEHJMN36DHBTY3BQAJA6H,1CdpgKRiVKrxCnjeVVt7VAEcrSUuX2ZHC,112,116,659,13.37%,17.60%,296550000,19.85%,450000,450000,308300,261438.4
SP137NZXD0BM4DM875ZH2HGDNPEBP6KW18RFXQ9W3,17RfeXjpSQzqWrsEXd71eVWP4d28t1wKis,210,237,840,25.06%,28.21%,465525000,25.76%,554196.4285714285,525000,545074.4,495746.4
SP1KQXKAHW6HCMYJ1BP2NXZF3RVTC6DXPMG6CVVSD,1ASEW7rDjPR131SD96iPvRXRAzTsQ1Nd3V,33,37,465,3.94%,7.96%,134395878,12.54%,289023.3935483871,33332,93723.2,93723.2
SP1Q714DTK39FQNYAQTA3NVXZJXAKREJHZYB8HHE3,1B4xBYusFoVwFhiT6fpYQ5mDsM5cLPJam1,2,2,25,0.24%,8.00%,7500050,12.17%,300002,300002,4932.8,0
SP1RJH1641855357CXFBF1H2WFWASXDX4DZ79QH1P,1BKKtxfH8ouwuQGeSS9XUzUNQS9hknSrQp,80,85,798,9.55%,10.65%,159600000,9.02%,200000,200000,221976,192379.2
SP27B9R2KJVCAGTA3W3G42H1HCZ94VQ39GVVVAWE,1QaeQ6hWtBHmKYRrYFpZnFVNC5RprzUHQ,2,2,53,0.24%,3.77%,10600000,9.84%,200000,200000,4932.8,4932.8
SP2R0VR6CFDF533VX3S1XDSFCQN9E1K8C5WS5Q9JC,1H3tZ2nmW1bTs7qRYS4xUZwaSa3zm614zg,52,61,379,6.21%,16.09%,166500000,18.94%,439313.9841688654,500000,147984,123320
SP3S9C931DEC0NZWEQBPCW6HGMN8T0TJHED5YDG5S,1P7gPUpu8iKSFvzBJPUBz4YinsBYA7CFTM,13,15,206,1.55%,7.28%,69540000,13.35%,337572.8155339806,325000,34529.6,34529.6
SPP1DJ1JE2V8HYHTRHPWD7603XHJ3F7421KBC4TE,15282N4BYEwYh3j1dTgJu64Ey5qWn9Po9F,334,348,838,39.86%,41.53%,592466000,32.37%,707000,707000,934765.6,816378.4
