STX address,BTC address,actual wins,total wins,total mined,%actual wins,%won,paid satoshis,theoritical win%,avg paid,last paid,rewards,matured rewards
SP136M14ZZX54A3R7AABEHJMN36DHBTY3BQAJA6H,1CdpgKRiVKrxCnjeVVt7VAEcrSUuX2ZHC,111,115,649,13.21%,17.72%,292050000,19.86%,450000,450000,305833.6,256505.6
SP137NZXD0BM4DM875ZH2HGDNPEBP6KW18RFXQ9W3,17RfeXjpSQzqWrsEXd71eVWP4d28t1wKis,209,234,840,24.88%,27.86%,464325000,25.72%,552767.8571428572,525000,542608,485880.8
SP1KQXKAHW6HCMYJ1BP2NXZF3RVTC6DXPMG6CVVSD,1ASEW7rDjPR131SD96iPvRXRAzTsQ1Nd3V,34,38,475,4.05%,8.00%,138945878,12.72%,292517.63789473684,33332,96189.6,96189.6
SP1Q714DTK39FQNYAQTA3NVXZJXAKREJHZYB8HHE3,1B4xBYusFoVwFhiT6fpYQ5mDsM5cLPJam1,2,2,25,0.24%,8.00%,7500050,12.17%,300002,300002,4932.8,0
SP1RJH1641855357CXFBF1H2WFWASXDX4DZ79QH1P,1BKKtxfH8ouwuQGeSS9XUzUNQS9hknSrQp,80,85,797,9.52%,10.66%,159400000,9.03%,200000,200000,224442.4,194845.6
SP27B9R2KJVCAGTA3W3G42H1HCZ94VQ39GVVVAWE,1QaeQ6hWtBHmKYRrYFpZnFVNC5RprzUHQ,2,2,53,0.24%,3.77%,10600000,9.84%,200000,200000,4932.8,4932.8
SP2R0VR6CFDF533VX3S1XDSFCQN9E1K8C5WS5Q9JC,1H3tZ2nmW1bTs7qRYS4xUZwaSa3zm614zg,52,60,378,6.19%,15.87%,163800000,18.69%,433333.3333333333,500000,150450.4,130719.2
SP3S9C931DEC0NZWEQBPCW6HGMN8T0TJHED5YDG5S,1P7gPUpu8iKSFvzBJPUBz4YinsBYA7CFTM,13,15,206,1.55%,7.28%,69540000,13.35%,337572.8155339806,325000,34529.6,34529.6
SPP1DJ1JE2V8HYHTRHPWD7603XHJ3F7421KBC4TE,15282N4BYEwYh3j1dTgJu64Ey5qWn9Po9F,337,352,842,40.12%,41.81%,595294000,32.48%,707000,707000,939698.4,826244
