STX address,BTC address,actual wins,total wins,total mined,%actual wins,%won,paid satoshis,theoritical win%,avg paid,last paid,rewards,matured rewards
SP136M14ZZX54A3R7AABEHJMN36DHBTY3BQAJA6H,1CdpgKRiVKrxCnjeVVt7VAEcrSUuX2ZHC,100,104,586,12.02%,17.75%,263700000,19.95%,450000,450000,276236.8,217043.2
SP137NZXD0BM4DM875ZH2HGDNPEBP6KW18RFXQ9W3,17RfeXjpSQzqWrsEXd71eVWP4d28t1wKis,213,237,832,25.60%,28.49%,460925000,25.73%,553996.3942307692,700000,557406.4,503145.6
SP1KQXKAHW6HCMYJ1BP2NXZF3RVTC6DXPMG6CVVSD,1ASEW7rDjPR131SD96iPvRXRAzTsQ1Nd3V,40,45,521,4.81%,8.64%,159875878,13.22%,306863.4894433781,33332,120853.6,120853.6
SP1PYG1ZEVX0VH8TTMZFEPZYTA8WRFY5H414ED9YZ,1B28chuS1TghjhtRyCcP7Z91zKtWqMb3rD,7,9,59,0.84%,15.25%,24190000,11.55%,410000,410000,29596.8,29596.8
SP1RJH1641855357CXFBF1H2WFWASXDX4DZ79QH1P,1BKKtxfH8ouwuQGeSS9XUzUNQS9hknSrQp,82,86,786,9.86%,10.94%,157200000,9.00%,200000,200000,234308,202244.8
SP27B9R2KJVCAGTA3W3G42H1HCZ94VQ39GVVVAWE,1QaeQ6hWtBHmKYRrYFpZnFVNC5RprzUHQ,2,2,53,0.24%,3.77%,10600000,9.84%,200000,200000,4932.8,4932.8
SP2R0VR6CFDF533VX3S1XDSFCQN9E1K8C5WS5Q9JC,1H3tZ2nmW1bTs7qRYS4xUZwaSa3zm614zg,48,55,361,5.77%,15.24%,148300000,17.66%,410803.324099723,500000,138118.4,128252.8
SP3S9C931DEC0NZWEQBPCW6HGMN8T0TJHED5YDG5S,1P7gPUpu8iKSFvzBJPUBz4YinsBYA7CFTM,13,15,206,1.56%,7.28%,69540000,13.35%,337572.8155339806,325000,34529.6,34529.6
SPP1DJ1JE2V8HYHTRHPWD7603XHJ3F7421KBC4TE,15282N4BYEwYh3j1dTgJu64Ey5qWn9Po9F,327,340,834,39.30%,40.77%,589638000,32.43%,707000,707000,910101.6,781848.8
