STX address,BTC address,actual wins,total wins,total mined,%actual wins,%won,paid satoshis,theoritical win%,avg paid,last paid,rewards,matured rewards
SP136M14ZZX54A3R7AABEHJMN36DHBTY3BQAJA6H,1CdpgKRiVKrxCnjeVVt7VAEcrSUuX2ZHC,113,117,673,13.48%,17.38%,302850000,19.89%,450000,450000,310766.4,263904.8
SP137NZXD0BM4DM875ZH2HGDNPEBP6KW18RFXQ9W3,17RfeXjpSQzqWrsEXd71eVWP4d28t1wKis,213,240,840,25.42%,28.57%,467450000,25.86%,556488.0952380953,700000,552473.6,483414.4
SP1KQXKAHW6HCMYJ1BP2NXZF3RVTC6DXPMG6CVVSD,1ASEW7rDjPR131SD96iPvRXRAzTsQ1Nd3V,30,34,451,3.58%,7.54%,128025878,12.27%,283871.12638580933,33332,86324,86324
SP1Q714DTK39FQNYAQTA3NVXZJXAKREJHZYB8HHE3,1B4xBYusFoVwFhiT6fpYQ5mDsM5cLPJam1,2,2,27,0.24%,7.41%,8100054,12.21%,300002,300002,4932.8,0
SP1RJH1641855357CXFBF1H2WFWASXDX4DZ79QH1P,1BKKtxfH8ouwuQGeSS9XUzUNQS9hknSrQp,80,85,797,9.55%,10.66%,159400000,9.01%,200000,200000,221976,197312
SP27B9R2KJVCAGTA3W3G42H1HCZ94VQ39GVVVAWE,1QaeQ6hWtBHmKYRrYFpZnFVNC5RprzUHQ,2,2,53,0.24%,3.77%,10600000,9.84%,200000,200000,4932.8,4932.8
SP2R0VR6CFDF533VX3S1XDSFCQN9E1K8C5WS5Q9JC,1H3tZ2nmW1bTs7qRYS4xUZwaSa3zm614zg,51,60,374,6.09%,16.04%,165400000,19.03%,442245.98930481286,500000,140584.8,115920.8
SP3S9C931DEC0NZWEQBPCW6HGMN8T0TJHED5YDG5S,1P7gPUpu8iKSFvzBJPUBz4YinsBYA7CFTM,13,15,206,1.55%,7.28%,69540000,13.35%,337572.8155339806,325000,34529.6,34529.6
SPP1DJ1JE2V8HYHTRHPWD7603XHJ3F7421KBC4TE,15282N4BYEwYh3j1dTgJu64Ey5qWn9Po9F,334,348,837,39.86%,41.58%,591759000,32.34%,707000,707000,939698.4,838576
