STX address,BTC address,actual wins,total wins,total mined,%actual wins,%won,paid satoshis,theoritical win%,avg paid,last paid,rewards,matured rewards
SP136M14ZZX54A3R7AABEHJMN36DHBTY3BQAJA6H,1CdpgKRiVKrxCnjeVVt7VAEcrSUuX2ZHC,102,106,593,12.22%,17.88%,266850000,19.98%,450000,450000,283636,217043.2
SP137NZXD0BM4DM875ZH2HGDNPEBP6KW18RFXQ9W3,17RfeXjpSQzqWrsEXd71eVWP4d28t1wKis,214,238,836,25.63%,28.47%,464025000,25.82%,555053.8277511962,700000,559872.8,500679.2
SP1KQXKAHW6HCMYJ1BP2NXZF3RVTC6DXPMG6CVVSD,1ASEW7rDjPR131SD96iPvRXRAzTsQ1Nd3V,38,43,517,4.55%,8.32%,158055878,13.18%,305717.3655705996,33332,108521.6,108521.6
SP1PYG1ZEVX0VH8TTMZFEPZYTA8WRFY5H414ED9YZ,1B28chuS1TghjhtRyCcP7Z91zKtWqMb3rD,7,9,55,0.84%,16.36%,22550000,11.28%,410000,410000,29596.8,29596.8
SP1RJH1641855357CXFBF1H2WFWASXDX4DZ79QH1P,1BKKtxfH8ouwuQGeSS9XUzUNQS9hknSrQp,83,88,790,9.94%,11.14%,158000000,9.01%,200000,200000,236774.4,207177.6
SP27B9R2KJVCAGTA3W3G42H1HCZ94VQ39GVVVAWE,1QaeQ6hWtBHmKYRrYFpZnFVNC5RprzUHQ,2,2,53,0.24%,3.77%,10600000,9.84%,200000,200000,4932.8,4932.8
SP2R0VR6CFDF533VX3S1XDSFCQN9E1K8C5WS5Q9JC,1H3tZ2nmW1bTs7qRYS4xUZwaSa3zm614zg,48,55,361,5.75%,15.24%,148300000,17.66%,410803.324099723,500000,138118.4,130719.2
SP3S9C931DEC0NZWEQBPCW6HGMN8T0TJHED5YDG5S,1P7gPUpu8iKSFvzBJPUBz4YinsBYA7CFTM,13,15,206,1.56%,7.28%,69540000,13.35%,337572.8155339806,325000,34529.6,34529.6
SPP1DJ1JE2V8HYHTRHPWD7603XHJ3F7421KBC4TE,15282N4BYEwYh3j1dTgJu64Ey5qWn9Po9F,328,341,837,39.28%,40.74%,591759000,32.47%,707000,707000,915034.4,791714.4
