STX address,BTC address,actual wins,total wins,total mined,%actual wins,%won,paid satoshis,theoritical win%,avg paid,last paid,rewards,matured rewards
SP136M14ZZX54A3R7AABEHJMN36DHBTY3BQAJA6H,1CdpgKRiVKrxCnjeVVt7VAEcrSUuX2ZHC,128,132,810,15.31%,16.30%,364500000,19.12%,450000,450000,350228.8,318165.6
SP137NZXD0BM4DM875ZH2HGDNPEBP6KW18RFXQ9W3,17RfeXjpSQzqWrsEXd71eVWP4d28t1wKis,188,211,808,22.49%,26.11%,434800000,23.58%,538118.8118811881,500000,485880.8,446418.4
SP1KQXKAHW6HCMYJ1BP2NXZF3RVTC6DXPMG6CVVSD,1ASEW7rDjPR131SD96iPvRXRAzTsQ1Nd3V,44,50,552,5.26%,9.06%,129166462,9.71%,233997.21376811594,250000,120853.6,86324
SP1NQA8H6PF46RGKG533ZEKQDJQV6566A27V8WJFM,1AoBd6eaXerNLr41DJLtq5FtQ7XawJa2WW,22,27,158,2.63%,17.09%,89500000,20.47%,566455.6962025317,500000,64126.4,24664
SP1Q714DTK39FQNYAQTA3NVXZJXAKREJHZYB8HHE3,1B4xBYusFoVwFhiT6fpYQ5mDsM5cLPJam1,3,4,61,0.36%,6.56%,18300122,11.87%,300002,300002,7399.2,7399.2
SP1RJH1641855357CXFBF1H2WFWASXDX4DZ79QH1P,1BKKtxfH8ouwuQGeSS9XUzUNQS9hknSrQp,78,81,779,9.33%,10.40%,155800000,8.53%,200000,200000,207177.6,189912.8
SP2R0VR6CFDF533VX3S1XDSFCQN9E1K8C5WS5Q9JC,1H3tZ2nmW1bTs7qRYS4xUZwaSa3zm614zg,62,73,409,7.42%,17.85%,192550000,19.44%,470782.39608801954,710000,165248.8,135652
SP3S9C931DEC0NZWEQBPCW6HGMN8T0TJHED5YDG5S,1P7gPUpu8iKSFvzBJPUBz4YinsBYA7CFTM,12,14,172,1.44%,8.14%,55900000,13.97%,325000,325000,32063.2,32063.2
SPP1DJ1JE2V8HYHTRHPWD7603XHJ3F7421KBC4TE,15282N4BYEwYh3j1dTgJu64Ey5qWn9Po9F,299,318,840,35.77%,37.86%,593880000,30.41%,707000,707000,838576,759651.2
