STX address,BTC address,actual wins,total wins,total mined,%actual wins,%won,paid satoshis,theoritical win%,avg paid,last paid,rewards,matured rewards
SP136M14ZZX54A3R7AABEHJMN36DHBTY3BQAJA6H,1CdpgKRiVKrxCnjeVVt7VAEcrSUuX2ZHC,113,117,666,13.44%,17.57%,299700000,19.87%,450000,450000,310766.4,261438.4
SP137NZXD0BM4DM875ZH2HGDNPEBP6KW18RFXQ9W3,17RfeXjpSQzqWrsEXd71eVWP4d28t1wKis,213,240,842,25.33%,28.50%,467075000,25.78%,554720.9026128266,525000,552473.6,495746.4
SP1KQXKAHW6HCMYJ1BP2NXZF3RVTC6DXPMG6CVVSD,1ASEW7rDjPR131SD96iPvRXRAzTsQ1Nd3V,32,36,461,3.80%,7.81%,132575878,12.47%,287583.24945770064,33332,91256.8,91256.8
SP1Q714DTK39FQNYAQTA3NVXZJXAKREJHZYB8HHE3,1B4xBYusFoVwFhiT6fpYQ5mDsM5cLPJam1,2,2,25,0.24%,8.00%,7500050,12.17%,300002,300002,4932.8,0
SP1RJH1641855357CXFBF1H2WFWASXDX4DZ79QH1P,1BKKtxfH8ouwuQGeSS9XUzUNQS9hknSrQp,80,85,801,9.51%,10.61%,160200000,9.02%,200000,200000,221976,194845.6
SP27B9R2KJVCAGTA3W3G42H1HCZ94VQ39GVVVAWE,1QaeQ6hWtBHmKYRrYFpZnFVNC5RprzUHQ,2,2,53,0.24%,3.77%,10600000,9.84%,200000,200000,4932.8,4932.8
SP2R0VR6CFDF533VX3S1XDSFCQN9E1K8C5WS5Q9JC,1H3tZ2nmW1bTs7qRYS4xUZwaSa3zm614zg,51,60,377,6.06%,15.92%,166300000,19.00%,441114.05835543765,500000,140584.8,115920.8
SP3S9C931DEC0NZWEQBPCW6HGMN8T0TJHED5YDG5S,1P7gPUpu8iKSFvzBJPUBz4YinsBYA7CFTM,13,15,206,1.55%,7.28%,69540000,13.35%,337572.8155339806,325000,34529.6,34529.6
SPP1DJ1JE2V8HYHTRHPWD7603XHJ3F7421KBC4TE,15282N4BYEwYh3j1dTgJu64Ey5qWn9Po9F,335,348,840,39.83%,41.43%,593880000,32.37%,707000,707000,937232,831176.8
